Libellé,Densité de population 2020,Potentiel financier 2023,Médiane du revenu disponible par UC 2020,Part des ménages disposant d'au moins une voiture 2020,Part des ménages dont la famille principale est une famille monoparentale 2020,"Part des personnes de 75 ans et plus vivant seules 2020
Ensemble","Part des diplomés du supérieur parmi les 15 ans et plus non scolarisés 2020
Ensemble","Part des non diplomés parmi les 15 ans et plus non scolarisés 2020
Ensemble",Indice de vieillissement 2020,Temps d'accès au chef lieu de proximité,Temps d'accès aux bibliothèques,Temps d'accès aux collèges,"Part des ""cadres et professions intellectuelles supérieures"" dans la population 2020
Ensemble","Part des ""ouvriers"" dans la population 2020
Ensemble",Taux de chômage des 15 ans et plus (RP) 2020,Densité de logements sociaux,Cluster
Aigues-Vives,53.87,413451,17770,89.4,9.8,50.0,19.5,36.8,95,3.323333333,3,15,0.0,16.2,14.5,0.0,2
Airoux,30.97,139410,22990,93.8,0.0,33.3,46.7,18.0,64,3.018333333,7,15,11.2,11.2,12.5,0.0,2
Ajac,38.0,141594,21770,93.6,0.0,40.0,21.6,26.9,241,13.40166667,3,15,5.6,13.9,17.0,0.0,2
Alaigne,24.31,192021,18460,88.4,16.1,60.0,25.9,28.9,245,3.753333333,3,15,1.8,14.3,14.4,0.0,2
Alairac,81.73,754568,21650,96.6,9.2,58.7,30.7,18.5,67,2.888333333,3,7,8.2,10.3,12.0,11.27,0
Albas,3.44,88020,17707,86.7,0.0,100.0,30.9,30.9,310,10.23833333,7,45,0.0,0.0,16.0,0.0,1
Albières,6.9,86249,17800,80.0,7.1,0.0,34.7,19.4,152,18.86333333,7,30,8.8,4.4,25.9,0.0,4
Alet-les-Bains,16.48,530869,18710,81.1,4.6,55.4,24.8,33.0,258,6.696666667,15,15,2.9,8.6,20.8,3.74,3
Alzonne,71.13,1501528,19160,85.0,15.2,44.1,17.3,39.2,99,6.611666667,3,15,2.5,15.8,20.4,13.04,0
Antugnac,28.45,199092,20150,95.6,13.7,15.2,29.3,22.2,226,4.851666667,7,7,3.8,5.5,15.6,0.0,2
Aragon,22.71,313520,22390,92.0,6.7,16.7,35.8,20.8,115,6.083333333,3,15,8.4,6.0,10.0,0.0,2
Argeliers,199.72,1508064,20810,92.2,7.2,29.4,24.0,25.0,111,5.51,3,15,5.0,11.6,13.0,2.52,2
Argens-Minervois,77.34,250324,20850,98.2,5.6,29.7,16.8,30.4,274,4.771666667,3,15,7.5,11.3,18.5,0.0,2
Armissan,119.5,1014333,22610,95.1,8.3,21.5,31.8,22.6,139,4.165,3,15,6.2,8.5,11.7,5.02,2
Arques,14.09,205152,14670,88.1,11.9,25.0,33.5,25.3,105,8.77,3,15,7.0,2.3,22.7,2.38,4
Arquettes-en-Val,8.59,87509,17740,91.1,0.0,50.0,18.4,28.9,967,3.348333333,3,30,5.9,5.9,8.3,0.0,1
Artigues,11.92,88203,17622,92.5,0.0,50.0,18.3,40.8,850,3.186666667,7,30,0.0,0.0,10.7,0.0,4
Arzens,57.37,1002660,22090,92.7,11.9,42.9,26.5,23.7,109,4.806666667,3,3,3.9,13.6,9.6,6.78,2
Aunat,5.84,99097,17403,77.1,14.3,33.3,16.0,30.0,208,10.65333333,3,30,9.1,0.0,18.8,0.0,4
Auriac,1.67,50271,16931,113.3,0.0,0.0,44.4,18.5,250,23.45,15,30,0.0,20.0,18.2,0.0,3
Axat,43.59,475338,19020,85.1,8.3,39.0,16.0,37.0,250,11.94666667,3,15,3.6,5.6,11.8,13.83,0
Azille,48.14,911160,19100,87.5,10.5,40.9,20.5,33.3,165,3.421666667,3,15,1.5,12.8,20.2,2.84,2
Badens,77.6,411491,20320,89.3,9.6,24.4,22.9,29.3,121,4.673333333,3,7,6.3,12.6,14.9,4.62,2
Bages,62.41,622541,21190,90.1,9.3,29.7,29.9,24.0,116,5.461666667,3,7,2.2,8.2,11.9,0.0,2
Bagnoles,54.71,185224,20020,98.4,19.2,27.8,25.7,25.2,79,2.04,3,15,4.4,8.8,15.2,0.0,2
Baraigne,36.13,87664,23800,97.1,0.0,0.0,28.1,15.6,68,5.116666667,7,15,3.7,19.1,11.0,0.0,2
Barbaira,84.36,832354,18970,86.1,10.3,59.1,22.9,24.3,77,4.988333333,3,7,4.9,11.2,15.0,10.26,0
Belcaire,12.26,279780,18960,94.2,2.6,45.5,21.2,29.4,316,6.933333333,3,30,3.0,1.5,13.0,3.68,4
Belcastel-et-Buc,4.31,44240,17437,100.0,0.0,0.0,30.2,17.0,343,10.50333333,7,15,0.0,0.0,3.8,0.0,4
Belflou,12.77,71029,25500,100.0,11.1,0.0,48.7,21.8,61,4.443333333,7,15,23.5,12.3,3.3,0.0,2
Belfort-sur-Rebenty,4.01,42145,16745,100.0,0.0,0.0,28.6,23.8,0,5.781666667,7,30,0.0,0.0,0.0,0.0,4
Bellegarde-du-Razès,38.53,158011,18480,90.0,9.6,71.4,29.5,26.8,101,5.508333333,3,30,7.6,8.1,15.4,0.0,1
Belpech,31.54,832879,20120,91.3,6.7,32.4,19.1,34.5,164,14.95666667,3,15,5.9,11.3,9.8,0.0,2
Belvèze-du-Razès,188.72,488531,19500,80.7,9.0,61.4,16.5,37.0,204,11.935,3,15,1.3,14.0,18.0,9.01,0
Belvianes-et-Cavirac,20.38,177365,17790,89.5,6.3,40.0,9.8,43.3,451,7.613333333,7,7,0.0,4.3,22.0,0.0,2
Belvis,6.82,195847,16800,95.6,0.0,10.2,19.7,35.9,300,6.843333333,3,30,7.5,3.8,26.9,0.0,4
Berriac,355.81,660514,17630,86.8,16.9,37.0,15.3,48.4,68,9.833333333,7,7,3.2,13.6,21.8,4.8,0
Bessède-de-Sault,3.06,123575,17217,63.3,33.3,0.0,15.8,47.4,288,13.94666667,7,30,0.0,0.0,21.4,0.0,4
La Bezole,7.22,32368,17201,96.0,0.0,100.0,30.8,20.5,138,14.28833333,7,15,12.5,12.5,23.8,0.0,1
Bizanet,47.29,1072287,20860,91.6,7.2,33.9,26.3,27.2,89,4.68,3,15,5.0,10.5,12.7,5.08,2
Bize-Minervois,59.76,972990,20520,90.9,18.6,35.6,25.3,28.4,138,6.236666667,3,15,4.1,14.1,16.5,5.32,2
Blomac,27.94,142071,18270,90.8,5.0,61.5,19.0,34.6,97,2.536666667,3,7,5.8,12.2,8.2,0.0,2
Bouilhonnac,38.7,172959,25080,91.6,5.3,40.0,33.5,27.3,143,4.418333333,3,7,2.6,5.2,13.4,0.0,2
Bouisse,4.09,94279,16000,87.3,9.1,100.0,27.0,32.6,257,22.29,3,30,5.3,10.6,18.2,0.0,1
Bouriège,13.52,109946,18600,101.7,0.0,0.0,30.6,19.8,79,12.745,3,15,18.7,14.0,16.4,0.0,2
Bourigeole,6.06,43397,17285,84.0,0.0,0.0,39.5,27.9,100,15.93333333,7,30,12.5,0.0,0.0,0.0,4
Le Bousquet,1.85,102488,17201,90.0,0.0,0.0,11.1,28.9,2000,16.96666667,3,30,0.0,0.0,0.0,0.0,4
Boutenac,31.45,465778,20820,88.5,4.6,31.1,20.9,38.1,114,3.876666667,3,15,2.5,14.7,14.8,0.0,2
Bram,182.05,3048371,20720,87.6,11.4,46.4,23.8,30.4,124,6.481666667,3,3,6.1,9.6,11.0,10.02,0
Brézilhac,26.98,103398,18270,95.4,15.4,0.0,36.1,22.6,65,8.175,7,15,7.7,11.2,6.6,0.0,2
Brousses-et-Villaret,30.47,197253,19820,91.5,2.9,24.4,26.7,30.7,148,5.286666667,7,7,1.6,10.9,23.4,0.0,2
Brugairolles,33.88,190238,19110,95.1,12.6,40.0,20.5,26.8,108,6.988333333,3,15,4.2,13.1,14.5,0.0,2
Les Brunels,22.47,188899,22450,99.3,3.9,16.7,30.9,21.5,158,11.72833333,15,15,8.4,10.1,14.0,0.0,3
Bugarach,9.02,185562,14190,92.3,19.2,25.0,26.1,22.7,172,8.155,3,30,7.0,2.3,34.2,0.0,4
Cabrespine,9.51,199672,17970,86.7,22.2,36.8,32.0,22.7,117,6.951666667,3,30,6.6,3.6,35.1,2.47,4
Cahuzac,9.21,25663,16813,100.0,0.0,0.0,23.1,34.6,500,10.00166667,7,30,0.0,0.0,30.0,0.0,4
Cailhau,25.72,186284,21650,89.2,4.2,50.0,25.5,26.5,235,5.038333333,3,15,2.4,9.5,9.9,0.0,2
Cailhavel,26.97,92012,20060,95.0,0.0,0.0,32.7,23.6,125,6.256666667,3,15,3.9,8.6,10.4,3.23,2
Cailla,6.54,32529,17217,88.0,20.0,25.0,34.9,25.6,300,6.28,7,30,0.0,0.0,16.7,0.0,4
Cambieure,97.81,208971,21650,98.4,16.0,35.5,25.7,30.4,86,4.541666667,3,15,9.7,1.9,9.2,1.54,2
Campagna-de-Sault,1.83,37317,16678,130.0,0.0,100.0,27.8,22.2,0,22.5,15,45,0.0,0.0,14.3,0.0,3
Campagne-sur-Aude,101.51,467184,19610,85.2,11.5,47.1,16.9,34.1,167,3.845,3,7,4.5,15.4,27.3,0.0,2
Camplong-d'Aude,30.37,222789,17830,85.9,8.8,50.0,17.3,34.0,123,5.276666667,7,15,3.3,14.8,12.6,4.73,2
Camps-sur-l'Agly,1.94,56486,17302,96.7,16.7,55.6,26.7,22.2,300,12.045,3,15,0.0,24.3,31.8,0.0,2
Camurac,8.96,195464,17080,81.7,0.0,44.4,20.9,27.5,338,6.923333333,3,45,0.0,0.0,23.7,0.0,4
Canet,130.48,1226986,20910,92.1,11.0,53.8,21.8,25.7,78,3.42,3,15,2.6,13.0,15.5,1.52,2
Capendu,97.42,1072623,18320,87.9,9.7,37.8,19.1,34.6,152,3.951666667,3,3,2.7,12.8,17.1,13.58,0
Carcassonne,717.16,52443343,18800,78.6,11.8,44.6,27.5,29.4,115,5.923333333,3,3,5.6,9.1,20.1,20.36,0
Carlipa,64.26,206910,20140,92.5,5.7,54.8,29.4,23.1,70,5.445,3,15,10.0,6.9,18.0,0.0,2
Cascastel-des-Corbières,14.5,180238,17230,88.0,5.0,33.3,15.3,36.2,120,6.66,3,30,0.0,12.1,19.0,0.0,4
La Cassaigne,13.44,126873,22650,82.7,13.3,41.2,29.4,27.0,122,6.943333333,15,15,3.1,21.4,15.8,2.86,3
Cassaignes,15.78,30397,17336,110.0,0.0,0.0,32.7,12.7,600,5.756666667,7,7,0.0,0.0,13.3,0.0,2
Les Cassés,42.17,163102,21730,96.0,7.4,17.4,44.7,16.4,63,6.413333333,3,15,5.8,13.1,12.7,0.0,2
Castans,7.88,129408,15520,90.0,6.2,20.0,30.3,21.0,329,16.655,7,30,0.0,0.0,24.0,0.0,4
Castelnaudary,261.25,13276975,19450,78.7,12.5,46.0,26.2,30.2,112,5.756666667,3,3,5.4,10.3,14.0,16.15,0
Castelnau-d'Aude,67.75,574477,20430,94.3,9.0,34.6,23.6,23.4,91,2.855,3,15,0.0,16.0,12.2,0.0,2
Castelreng,18.69,128116,17630,96.7,5.6,0.0,34.3,25.9,108,15.13333333,3,15,6.7,0.0,14.4,0.0,4
Caudebronde,34.57,135754,23010,94.4,0.0,33.3,32.5,25.9,118,4.13,7,7,2.8,5.6,10.5,0.0,2
Val de Lambronne,13.92,130536,18850,97.6,17.6,20.8,19.7,35.8,159,13.04333333,3,15,3.2,9.1,19.4,3.66,2
Caunes-Minervois,57.51,1146672,19030,87.0,18.4,45.5,25.3,29.3,190,4.57,3,15,2.2,8.7,14.3,5.67,2
Caunette-sur-Lauquet,2.01,21834,16526,80.0,0.0,0.0,37.5,37.5,50,18.105,7,30,0.0,0.0,0.0,0.0,4
Caunettes-en-Val,6.43,32903,17302,96.7,0.0,50.0,33.3,25.0,188,5.413333333,7,30,0.0,0.0,31.0,0.0,4
Caux-et-Sauzens,111.67,623849,20380,93.1,9.4,41.2,25.3,23.1,72,4.041666667,3,7,5.1,16.2,10.0,7.71,0
Cavanac,107.14,757593,22180,95.0,10.0,50.0,29.5,19.2,76,3.965,3,7,9.6,8.8,11.6,0.0,2
Caves,98.25,560786,20290,94.1,6.3,12.5,25.3,23.4,78,6.783333333,3,15,5.0,11.5,12.2,7.9,2
Cazalrenoux,6.97,66683,18061,105.7,0.0,0.0,26.9,29.9,83,9.545,7,30,8.2,0.0,7.1,0.0,4
Cazilhac,428.2,1338762,24090,93.5,5.8,26.0,31.2,22.9,148,3.811666667,7,7,4.5,6.6,10.0,0.0,2
Cenne-Monestiés,52.58,228077,20240,94.9,8.2,32.1,36.3,22.9,106,7.29,7,15,7.0,17.3,13.7,1.06,2
Cépie,93.04,441264,20900,90.7,5.4,46.2,21.7,27.9,127,4.621666667,3,7,1.8,9.6,12.2,0.0,2
Chalabre,73.53,912685,18470,85.8,11.0,18.9,17.4,40.4,225,6.386666667,3,3,3.2,10.6,19.0,4.85,2
Citou,5.25,72310,17993,100.0,10.0,100.0,22.5,30.0,257,7.606666667,3,30,0.0,0.0,21.6,0.0,1
Le Clat,2.73,76762,16846,65.0,25.0,100.0,8.3,66.7,400,14.37166667,15,30,0.0,14.3,22.2,0.0,3
Clermont-sur-Lauquet,1.48,26634,16846,93.3,33.3,0.0,45.5,18.2,240,16.24166667,7,30,0.0,0.0,22.2,0.0,4
Comigne,33.77,200002,20480,97.3,10.0,28.1,28.7,24.3,117,3.13,7,7,3.9,16.9,11.5,0.0,2
Comus,2.27,95635,16897,90.0,0.0,25.0,41.9,6.5,1700,10.49166667,7,45,14.3,0.0,10.0,0.0,4
Conilhac-Corbières,73.81,582082,19730,92.3,5.1,35.0,23.6,24.6,100,4.281666667,3,7,6.5,13.6,12.6,7.46,2
Conques-sur-Orbiel,103.11,1606438,21040,91.6,8.8,20.3,21.3,30.3,98,3.34,3,15,4.8,10.5,13.6,4.02,2
Corbières,3.4,24273,16931,93.3,0.0,0.0,21.7,26.1,111,9.935,7,15,0.0,25.0,0.0,0.0,2
Coudons,5.47,51263,17268,86.7,16.7,50.0,13.7,43.1,2300,12.19666667,7,15,0.0,10.0,25.0,0.0,4
Couffoulens,60.3,404288,21900,95.8,11.9,74.4,30.2,18.9,112,2.963333333,3,15,15.0,11.9,8.4,1.91,1
Couiza,165.73,889660,18540,86.4,9.0,42.5,19.5,35.1,198,4.673333333,3,3,1.5,10.3,16.7,14.48,0
Counozouls,1.87,116468,17285,88.6,0.0,100.0,23.4,34.0,600,15.44833333,3,30,11.9,0.0,18.7,0.0,1
Cournanel,111.36,507035,21640,99.1,6.4,53.1,26.1,22.8,114,12.17,3,7,4.9,12.6,7.7,0.0,2
Coursan,235.07,3968418,20200,90.0,13.0,41.1,20.7,28.0,118,6.688333333,3,3,3.4,14.5,17.6,7.03,0
Courtauly,9.97,51482,17707,100.0,0.0,100.0,26.3,17.5,106,13.05666667,3,15,0.0,8.2,21.4,0.0,1
La Courtète,8.41,41090,17150,92.0,0.0,0.0,35.0,22.5,350,7.136666667,7,30,0.0,0.0,20.0,0.0,4
Coustaussa,11.63,34057,17234,100.0,20.0,0.0,28.6,40.5,130,3.261666667,7,7,0.0,0.0,20.8,0.0,2
Coustouge,12.0,77615,18080,93.3,16.7,52.6,22.6,30.1,165,8.585,3,30,15.5,10.3,15.7,0.0,1
Cruscades,95.44,425987,19740,95.4,7.2,20.0,21.1,28.9,57,3.715,3,7,2.9,15.4,13.1,0.0,2
Cubières-sur-Cinoble,5.73,68024,17724,93.3,11.1,0.0,38.6,31.4,171,9.335,7,15,0.0,14.5,20.6,0.0,4
Cucugnan,7.37,134482,20750,73.8,7.7,100.0,20.2,30.9,130,8.091666667,3,30,0.0,27.7,9.6,0.0,1
Cumiès,10.46,27942,17066,85.0,0.0,0.0,36.4,24.2,150,5.868333333,7,15,0.0,0.0,11.1,0.0,4
Cuxac-Cabardès,36.55,882041,18950,92.7,11.6,46.3,23.4,37.5,144,6.498333333,3,7,5.9,5.3,11.0,9.89,0
Cuxac-d'Aude,187.74,2949275,19800,88.5,10.4,35.6,17.0,35.4,129,5.49,3,15,3.7,12.1,18.8,4.74,2
Davejean,8.53,102225,14430,94.5,9.1,52.6,20.7,38.0,131,20.33166667,3,45,0.0,0.0,30.4,0.0,4
Dernacueillette,5.94,74197,17116,104.0,0.0,0.0,30.2,23.3,433,19.69666667,7,30,0.0,25.0,21.7,0.0,4
La Digne-d'Amont,81.16,193019,23120,93.8,6.9,27.3,24.7,23.8,176,12.43833333,3,15,2.2,6.0,8.0,0.0,2
La Digne-d'Aval,167.83,320312,22130,95.0,8.3,60.0,26.0,23.3,159,10.72833333,3,7,4.2,14.7,8.9,0.0,2
Donazac,21.94,87304,18263,89.1,9.1,0.0,22.5,25.8,108,11.075,7,15,0.0,28.3,15.3,0.0,2
Douzens,51.71,471204,19900,87.8,4.5,33.3,20.3,26.7,98,4.748333333,3,7,6.2,15.6,15.6,0.0,2
Duilhac-sous-Peyrepertuse,7.02,118285,15150,88.0,0.0,0.0,18.1,31.0,132,12.1,3,30,3.5,10.5,23.3,0.0,4
Durban-Corbières,25.14,519553,19190,90.0,10.0,62.5,23.0,32.8,241,16.12166667,3,30,1.8,10.7,16.2,5.69,1
Embres-et-Castelmaure,4.72,158679,19360,92.2,0.0,80.0,24.1,22.6,407,10.27666667,3,30,3.7,0.0,12.1,0.0,1
Escales,46.86,363597,18970,94.2,16.2,50.0,20.5,32.7,121,3.655,3,15,3.7,19.8,21.5,1.79,2
Escouloubre,2.28,392009,17605,82.2,0.0,50.0,24.6,32.3,633,21.87,15,45,6.7,13.3,9.5,0.0,3
Escueillens-et-Saint-Just-de-Bélengard,13.04,108696,17600,98.7,13.3,44.1,29.2,31.5,347,7.036666667,3,15,0.0,17.0,21.4,0.0,2
Espéraza,162.74,1147347,18110,79.1,10.3,56.9,16.0,40.6,275,3.851666667,3,7,2.7,11.2,21.6,11.64,0
Espezel,16.0,208101,19420,94.8,0.0,50.0,26.1,29.8,198,6.75,3,30,5.4,5.4,10.6,1.68,1
Val-du-Faby,24.55,332459,16500,88.2,6.6,33.3,26.0,25.8,194,2.753333333,3,15,4.7,6.6,21.5,0.0,2
Fabrezan,43.89,884909,19420,92.6,7.7,30.1,22.3,24.0,148,3.873333333,3,15,2.8,14.2,13.1,1.02,2
Fajac-en-Val,3.26,40615,17167,80.0,0.0,0.0,37.9,13.8,72,10.98,15,30,10.0,10.0,4.3,0.0,3
Fajac-la-Relenque,14.25,24860,17285,80.0,0.0,0.0,32.4,29.4,73,9.965,15,15,0.0,0.0,4.8,0.0,3
La Fajolle,0.76,46852,16560,140.0,0.0,100.0,50.0,10.0,100,11.87666667,15,45,0.0,0.0,25.0,0.0,3
Fanjeaux,33.7,606222,19390,93.3,5.9,31.0,31.9,27.0,155,6.148333333,3,15,3.3,11.0,12.8,11.11,0
Félines-Termenès,12.89,131021,13690,95.0,0.0,40.0,30.3,29.3,130,16.25833333,3,45,4.5,0.0,31.6,0.0,4
Fendeille,72.94,381835,22190,96.8,6.8,41.3,31.0,21.9,91,4.406666667,7,15,0.9,17.5,10.7,0.0,2
Fenouillet-du-Razès,10.66,57723,17622,76.0,30.0,100.0,15.2,27.3,327,7.61,7,30,0.0,7.5,18.5,0.0,1
Ferrals-les-Corbières,78.75,763757,19660,90.4,10.3,32.3,19.0,32.5,144,3.93,3,15,3.2,12.3,15.7,2.23,2
Ferran,21.16,93987,26660,100.0,0.0,100.0,52.6,18.6,136,4.218333333,7,15,4.9,4.9,5.9,0.0,1
Festes-et-Saint-André,10.74,113972,13660,91.8,9.1,25.0,32.9,21.8,235,14.90666667,3,15,5.9,2.9,24.5,0.0,4
Feuilla,4.56,124772,14540,92.7,0.0,100.0,31.5,28.1,126,9.136666667,7,30,8.5,17.8,15.7,0.0,1
Fitou,36.23,1255367,19530,93.9,9.1,31.0,32.0,24.0,153,6.895,3,30,4.3,7.4,12.5,3.2,4
Fleury,72.42,7592951,20560,89.3,8.4,36.0,20.6,31.8,214,3.12,3,15,3.5,9.1,21.2,4.92,2
Floure,96.94,217626,19090,93.5,11.0,57.1,18.5,28.9,37,3.156666667,3,15,0.0,16.5,17.8,5.76,0
Fontanès-de-Sault,0.95,37972,16442,80.0,100.0,0.0,20.0,20.0,0,16.54833333,15,45,0.0,0.0,50.0,0.0,3
Fontcouverte,56.07,426408,20560,91.7,13.2,49.0,25.2,25.9,118,3.681666667,3,15,5.1,8.4,17.4,0.0,2
Fonters-du-Razès,6.5,67273,17656,85.7,0.0,0.0,24.6,32.3,192,11.99,15,30,0.0,13.3,9.4,0.0,3
Fontiers-Cabardès,53.07,240554,18910,90.0,4.8,30.6,31.0,24.9,105,6.66,3,7,11.1,10.8,14.0,0.0,2
Fontiès-d'Aude,86.16,323889,20570,89.4,14.9,32.6,22.3,24.0,84,6.373333333,3,7,3.6,17.0,10.7,12.82,0
Fontjoncouse,4.79,122184,18180,95.4,0.0,100.0,38.4,23.2,286,11.23833333,7,30,4.4,12.4,30.4,0.0,1
La Force,54.35,175629,21820,97.3,13.6,0.0,25.8,20.1,81,4.271666667,7,15,7.3,22.0,10.3,4.5,2
Fournes-Cabardès,4.1,31234,17234,76.7,0.0,33.3,27.9,37.2,187,14.01666667,15,30,9.8,9.8,22.2,0.0,3
Fourtou,3.86,61324,17707,93.3,0.0,0.0,38.7,21.0,150,13.745,15,30,8.9,0.0,0.0,0.0,3
Fraisse-Cabardès,14.73,62363,19690,86.7,0.0,0.0,32.9,10.6,171,6.936666667,3,7,5.0,14.9,23.9,0.0,2
Fraissé-des-Corbières,11.1,157285,16840,97.7,4.8,23.8,25.0,25.6,210,7.673333333,3,30,2.8,5.5,13.1,0.0,4
Gaja-et-Villedieu,38.32,194369,22110,93.8,13.6,16.7,29.1,25.7,109,8.79,3,7,13.8,19.4,9.9,0.0,2
Gaja-la-Selve,12.04,84448,17210,98.7,0.0,75.0,29.7,19.8,158,13.30166667,3,30,3.4,13.7,11.9,0.0,1
Galinagues,8.45,33289,16931,76.0,60.0,0.0,33.3,30.0,140,7.261666667,7,30,0.0,11.1,7.1,0.0,4
Gardie,27.31,113463,20690,91.7,0.0,33.3,33.3,31.4,136,3.293333333,7,15,4.5,4.5,13.6,0.0,2
Generville,5.58,44611,17302,100.0,0.0,0.0,31.6,26.3,33,12.70833333,7,30,13.2,36.8,7.4,0.0,4
Gincla,6.01,49600,17167,104.0,20.0,0.0,20.5,35.9,300,12.55833333,7,30,14.7,14.7,35.7,0.0,4
Ginestas,159.47,1090122,21250,92.2,6.2,26.7,25.8,25.4,116,4.311666667,3,7,3.8,10.7,15.0,1.9,2
Ginoles,49.11,193617,21710,90.9,3.0,60.0,20.1,27.5,369,10.96333333,7,7,5.4,7.1,9.4,0.0,2
Gourvieille,24.92,48308,17622,94.3,0.0,0.0,40.0,29.2,155,7.503333333,15,15,20.2,7.1,5.1,0.0,3
Gramazie,62.5,64596,19900,102.0,20.0,0.0,22.2,25.6,88,2.186666667,3,15,0.0,31.2,14.0,0.0,2
Granès,18.96,79028,17980,96.7,0.0,0.0,21.2,25.9,211,6.953333333,7,15,10.2,4.5,18.7,0.0,2
Greffeil,6.58,63476,17993,105.0,12.5,0.0,29.3,25.3,200,11.795,3,30,0.0,6.8,18.2,0.0,4
Gruissan,117.55,11042258,20710,90.3,9.0,51.4,25.0,25.7,253,16.63833333,3,7,4.2,7.2,18.1,4.69,2
Homps,195.1,498516,18300,89.9,7.1,40.8,22.5,34.8,125,3.643333333,7,7,9.9,9.9,17.7,8.42,0
Hounoux,16.93,79829,17920,100.0,9.1,0.0,31.1,22.6,127,10.71,3,15,0.0,17.4,16.4,0.0,2
Les Ilhes,13.46,34234,17352,108.0,0.0,33.3,16.3,26.5,383,12.345,7,30,0.0,11.1,11.8,0.0,4
Issel,27.12,402054,21000,93.6,2.2,16.4,31.0,25.4,134,6.948333333,3,15,3.7,12.2,13.5,0.0,2
Jonquières,4.1,40089,17217,92.0,20.0,50.0,29.4,41.2,561,11.555,7,30,0.0,12.2,16.7,0.0,4
Joucou,4.81,59092,16880,75.0,0.0,66.7,17.9,25.0,500,10.75166667,15,30,0.0,14.3,50.0,0.0,3
Labastide-d'Anjou,149.12,914157,21150,92.3,9.3,45.5,24.0,23.8,69,6.116666667,3,15,6.1,15.7,10.9,1.86,2
Labastide-en-Val,7.69,65498,18590,88.9,0.0,100.0,21.3,22.7,227,5.258333333,7,30,0.0,13.3,6.7,13.04,1
Labastide-Esparbairenque,3.64,137291,17352,87.5,0.0,0.0,18.2,41.8,367,17.92333333,7,30,8.5,8.5,12.0,0.0,4
Labécède-Lauragais,20.34,313316,20630,96.9,9.9,40.8,27.8,20.2,144,10.51666667,3,15,1.4,9.6,15.0,0.0,2
Lacombe,11.67,407362,18870,87.8,5.6,16.1,20.0,35.7,148,4.673333333,7,15,6.8,6.8,19.2,0.0,2
Ladern-sur-Lauquet,10.88,170548,20160,89.9,4.2,66.7,32.2,24.3,93,5.395,7,30,2.2,8.8,11.5,0.0,1
Lafage,7.32,70711,18010,111.4,14.3,0.0,30.7,26.7,111,11.93,7,15,8.9,17.9,15.8,0.0,2
Lagrasse,16.89,512264,19220,80.7,15.3,40.8,39.3,22.9,127,10.97833333,3,30,4.3,6.4,8.3,1.93,4
Lairière,4.13,67438,17251,100.0,0.0,0.0,41.5,17.1,150,23.30166667,7,30,0.0,10.6,27.8,0.0,4
Lanet,6.86,80232,17352,105.7,14.3,0.0,29.3,22.4,1200,22.47,3,30,0.0,10.0,0.0,0.0,4
La Palme,62.32,1435322,21350,96.1,4.7,30.8,22.7,24.2,137,5.265,7,15,5.3,8.8,14.8,11.92,0
Laprade,23.43,74440,18930,88.9,11.1,0.0,14.3,29.8,50,11.545,3,30,0.0,18.2,27.3,0.0,4
La Redorte,92.14,897806,18810,91.3,9.4,38.0,20.3,32.5,169,4.495,3,15,2.8,13.4,17.4,0.0,2
Laroque-de-Fa,7.35,160508,14910,90.0,0.0,25.0,20.5,41.7,183,23.02,3,45,0.0,0.0,32.6,0.0,4
Lasbordes,53.12,826253,20870,91.5,9.1,20.4,20.5,30.6,69,4.028333333,3,15,4.7,11.0,12.7,23.12,0
Lasserre-de-Prouille,67.79,159394,19650,93.2,4.1,16.7,23.9,26.4,90,6.365,3,15,6.3,11.3,5.2,0.0,2
Lastours,55.36,162654,18260,93.3,0.0,0.0,22.1,18.0,121,9.485,7,15,0.0,10.9,16.2,17.33,0
Laurabuc,48.88,291272,21170,96.9,2.8,38.1,30.1,21.8,115,7.1,3,15,5.0,12.4,14.0,0.0,2
Laurac,15.63,121560,20600,97.5,12.5,50.0,32.6,19.4,114,7.665,7,15,3.5,7.1,10.5,0.0,2
Lauraguel,86.73,351120,20260,97.4,11.0,35.4,26.2,29.0,103,7.666666667,3,7,4.8,18.7,11.7,7.01,2
Laure-Minervois,25.82,770329,19110,87.4,12.8,45.3,20.5,32.7,172,7.145,3,15,5.0,13.2,16.3,1.63,2
Lavalette,231.6,779546,21580,95.8,5.6,19.3,26.9,23.5,70,2.881666667,3,7,6.1,17.3,11.6,6.13,2
Lespinassière,8.25,92329,16250,84.0,0.0,75.0,34.7,26.3,337,11.87666667,3,30,26.5,0.0,20.8,0.0,1
Leuc,75.44,501122,22840,93.6,18.4,21.5,33.2,16.7,78,3.97,3,15,5.5,9.6,9.1,4.49,2
Leucate,194.52,13754022,20860,87.0,7.5,44.9,22.6,30.5,351,6.468333333,3,30,4.3,8.8,22.1,7.7,0
Lézignan-Corbières,294.9,9490063,18860,84.8,11.7,40.0,18.2,39.6,109,4.801666667,3,7,3.1,12.6,20.0,13.0,0
Lignairolles,5.88,28134,17015,106.7,33.3,0.0,13.5,35.1,340,10.01333333,3,15,0.0,29.5,0.0,0.0,2
Limousis,13.21,69697,19560,85.7,7.1,80.8,22.4,20.6,148,8.34,3,30,0.0,9.1,9.5,0.0,1
Limoux,313.51,9862250,19570,80.5,12.9,41.0,22.0,36.3,147,7.655,3,3,3.8,10.7,17.0,12.28,0
Loupia,54.04,163999,20410,92.0,8.6,66.7,21.3,26.1,110,10.81333333,3,15,5.1,10.2,18.6,0.0,1
La Louvière-Lauragais,12.96,57194,17774,100.0,25.0,0.0,30.0,25.7,200,8.926666667,15,15,14.3,0.0,11.4,0.0,3
Luc-sur-Aude,31.81,198633,19590,96.8,4.4,25.0,30.2,21.2,98,2.941666667,7,7,2.6,10.3,19.3,0.0,2
Luc-sur-Orbieu,114.57,746893,19840,88.5,10.5,46.1,19.1,32.0,112,3.876666667,3,7,3.6,10.3,16.5,0.0,2
Magrie,53.97,299996,21690,92.7,12.2,36.4,26.7,22.6,154,11.6,7,7,3.2,15.8,10.1,0.0,2
Mailhac,54.9,415937,18680,89.6,3.8,37.5,20.9,28.3,76,5.001666667,3,15,2.9,12.7,11.0,0.0,2
Maisons,3.87,76697,17133,80.0,0.0,50.0,20.5,43.2,2000,16.58166667,3,45,0.0,12.8,17.8,0.0,4
Malras,100.95,287407,21570,90.5,10.5,23.6,25.1,26.6,108,11.65,7,7,2.5,16.9,12.7,0.0,2
Malves-en-Minervois,176.84,601915,22890,97.1,5.6,24.1,31.4,26.0,108,3.803333333,3,15,2.9,13.1,15.8,9.95,0
Malviès,50.55,251545,21780,88.0,5.7,15.4,26.4,28.5,109,8.306666667,3,15,9.1,16.3,13.3,0.0,2
Marcorignan,232.09,784686,21120,93.6,6.8,20.3,25.5,23.9,104,2.621666667,3,7,6.6,8.7,15.0,4.87,2
Marquein,14.94,48258,17724,103.3,0.0,0.0,36.1,21.3,83,7.038333333,7,15,18.5,9.3,15.9,0.0,2
Marsa,0.99,55169,16711,100.0,0.0,100.0,33.3,22.2,250,9.611666667,15,30,0.0,0.0,25.0,0.0,3
Marseillette,62.85,399361,19880,93.9,4.5,44.4,18.4,30.3,130,3.99,3,7,3.4,10.1,13.2,4.15,2
Les Martys,15.75,561874,19820,94.7,7.6,42.9,19.7,23.1,95,9.355,3,15,10.2,13.1,21.7,0.0,2
Mas-Cabardès,19.36,316192,20040,90.0,5.6,40.0,18.2,28.7,194,13.495,3,30,3.0,23.8,15.3,2.27,4
Mas-des-Cours,3.31,17373,16779,110.0,0.0,0.0,29.4,5.9,38,10.25166667,15,30,0.0,25.0,7.1,0.0,3
Massac,2.27,42460,16813,90.0,0.0,0.0,18.5,51.9,0,23.36166667,7,30,0.0,0.0,44.4,0.0,4
Mas-Saintes-Puelles,33.62,633860,21370,94.7,5.6,30.3,31.4,20.5,74,6.283333333,3,15,10.4,10.7,8.0,7.77,2
Mayreville,10.28,50370,17791,102.9,28.6,0.0,26.8,22.5,154,9.028333333,15,30,13.3,6.7,28.3,0.0,3
Mayronnes,3.37,44830,17083,120.0,0.0,0.0,28.1,21.9,138,8.193333333,15,30,0.0,0.0,25.0,0.0,3
Mazerolles-du-Razès,18.0,108278,16680,90.0,0.0,100.0,17.4,37.2,166,4.558333333,3,30,3.8,10.8,13.1,0.0,1
Mazuby,2.9,39587,16829,86.7,0.0,0.0,12.5,33.3,300,6.643333333,7,30,0.0,23.8,25.0,0.0,4
Mérial,1.86,43647,16914,86.7,0.0,0.0,25.0,41.7,217,9.638333333,15,30,0.0,14.3,16.7,0.0,3
Mézerville,13.42,59249,18044,100.0,12.5,25.0,28.0,30.5,175,6.693333333,7,15,0.0,11.1,6.5,0.0,2
Miraval-Cabardès,3.78,68188,17234,110.0,25.0,50.0,30.8,23.1,214,12.62166667,7,15,0.0,16.7,26.3,0.0,2
Mirepeisset,144.89,542823,21560,94.3,10.4,30.8,25.2,23.1,97,4.306666667,3,7,4.1,12.4,13.8,0.0,2
Mireval-Lauragais,17.93,179997,22040,92.9,17.6,100.0,37.1,19.6,62,8.116666667,7,15,6.1,22.0,12.6,0.0,1
Missègre,7.97,54422,17352,80.0,0.0,0.0,32.1,35.8,460,18.28333333,3,30,0.0,16.1,27.6,0.0,4
Molandier,12.35,143535,21000,95.2,14.3,20.0,28.0,27.0,114,7.181666667,15,7,4.5,9.1,11.9,0.0,3
Molleville,39.28,64050,22440,102.0,10.0,100.0,28.0,18.0,62,5.593333333,7,15,10.1,0.0,9.2,0.0,1
Montauriol,9.56,55165,17757,91.4,0.0,0.0,18.5,35.4,68,6.106666667,7,15,6.3,11.4,11.6,0.0,2
Montazels,126.65,367524,20570,89.7,7.1,65.9,19.2,33.2,150,2.145,3,3,4.1,6.0,13.7,0.36,2
Montbrun-des-Corbières,31.95,235954,20150,94.2,0.0,0.0,29.4,29.4,115,3.655,3,15,5.3,10.5,9.4,0.0,2
Montclar,15.47,175411,21820,92.9,5.9,33.3,32.9,19.2,162,6.1,3,15,0.0,6.4,13.2,0.0,2
Montferrand,34.86,442724,23540,95.9,8.6,35.2,33.6,19.0,78,4.055,7,15,13.8,6.9,7.1,0.0,2
Montfort-sur-Boulzane,2.7,138769,17892,81.8,0.0,0.0,16.2,32.5,300,15.58166667,15,30,0.0,5.2,18.8,0.0,3
Montgaillard,2.27,79051,16981,84.0,0.0,0.0,19.4,33.3,650,17.92333333,3,30,0.0,0.0,23.8,0.0,4
Montgradail,10.04,23368,17167,100.0,0.0,0.0,18.4,28.9,200,7.976666667,7,30,0.0,20.8,10.7,0.0,4
Monthaut,5.42,24591,16998,113.3,0.0,0.0,33.3,30.3,450,10.67833333,7,30,0.0,0.0,14.3,0.0,4
Montirat,5.45,62648,17521,94.3,14.3,0.0,37.3,27.1,100,9.111666667,7,15,8.3,0.0,14.3,0.0,4
Montjardin,5.88,54723,17757,100.0,14.3,50.0,19.4,32.8,100,2.885,3,3,6.6,0.0,16.2,0.0,2
Montjoi,4.87,48063,17015,100.0,25.0,0.0,38.7,19.4,500,22.78666667,7,30,0.0,0.0,43.8,0.0,4
Val-de-Dagne,14.71,514976,18640,88.9,8.1,43.5,28.5,24.4,173,7.03,3,15,5.4,11.4,9.4,3.46,2
Montmaur,25.38,194355,24980,95.7,11.1,14.3,36.3,21.8,86,7.08,3,15,6.9,16.4,10.4,0.0,2
Montolieu,35.22,620738,20040,89.5,11.5,53.3,32.0,25.7,231,4.683333333,3,15,3.4,6.1,11.5,3.53,2
Montréal,35.98,1423619,19940,90.7,14.8,42.1,28.6,29.0,104,6.671666667,3,7,5.0,10.9,11.7,6.23,2
Montredon-des-Corbières,86.41,1651836,21060,95.3,14.6,19.9,27.3,26.5,116,5.676666667,3,7,3.7,8.5,10.3,3.92,2
Montséret,54.91,398541,21380,92.1,7.6,32.6,32.7,21.1,81,3.805,3,30,6.3,12.3,11.0,0.0,2
Monze,16.76,160186,20620,95.5,0.0,14.7,25.8,23.0,106,8.955,3,15,5.2,15.0,11.7,8.41,2
Moussan,137.16,1152565,22070,94.3,7.3,56.6,29.7,21.6,65,3.783333333,3,15,7.9,10.1,12.9,0.47,2
Moussoulens,51.17,578078,20850,94.4,14.3,44.6,30.0,25.2,81,4.893333333,3,15,9.0,10.2,7.8,7.22,2
Mouthoumet,7.94,96702,13960,95.7,21.4,0.0,19.4,28.6,336,24.84833333,3,30,5.9,16.5,29.2,13.04,4
Moux,45.03,463423,18980,88.8,9.2,51.2,19.2,27.4,112,3.681666667,7,15,3.9,11.8,21.0,4.62,2
Narbonne,324.49,51976018,19270,78.9,12.1,44.1,27.5,29.4,119,9.8,3,3,5.7,9.7,20.2,21.29,0
Nébias,20.57,227854,17490,91.0,11.9,16.7,18.6,32.7,227,12.415,15,15,4.6,13.8,30.6,0.0,3
Névian,89.61,873797,21910,92.8,5.4,53.8,27.4,24.0,100,3.171666667,3,7,7.4,12.6,10.6,0.0,2
Niort-de-Sault,1.85,74025,17015,93.3,0.0,46.2,3.1,56.2,129,6.941666667,7,30,0.0,18.8,0.0,0.0,4
Port-la-Nouvelle,206.83,11657531,19270,84.7,11.5,43.5,13.9,36.5,188,9.601666667,3,3,2.8,11.4,21.7,18.31,0
Ornaisons,103.06,796633,20720,90.8,6.4,38.1,23.7,32.2,124,4.69,3,15,5.9,10.6,13.9,2.41,2
Orsans,11.77,68896,18162,90.0,0.0,54.5,22.4,19.7,45,6.235,7,15,0.0,18.9,13.0,2.27,2
Ouveillan,85.19,1632093,20130,89.3,12.2,35.0,23.1,29.5,114,5.723333333,3,15,4.0,11.3,15.1,8.15,0
Padern,4.7,163566,16080,88.0,6.7,23.8,33.6,31.9,248,7.783333333,3,30,4.4,13.3,34.1,0.0,4
Palairac,1.78,47829,16897,105.0,0.0,50.0,67.7,6.5,1600,13.17,15,45,0.0,0.0,0.0,0.0,3
Palaja,169.91,2025707,24240,96.9,7.8,35.1,38.5,16.2,91,3.821666667,3,15,8.7,6.5,8.8,2.81,2
Paraza,73.71,534122,20490,93.3,4.8,15.4,26.0,26.7,154,4.003333333,3,15,5.0,12.5,16.8,0.0,2
Pauligne,61.72,248122,21580,96.2,3.1,15.8,27.5,29.7,130,11.755,3,7,7.9,12.7,7.6,0.0,2
Payra-sur-l'Hers,8.36,137596,20120,100.0,5.6,40.0,27.5,28.7,96,7.338333333,15,15,3.0,9.1,9.0,0.0,3
Paziols,18.74,472400,17970,87.9,7.5,28.6,30.9,23.7,169,3.878333333,3,15,4.4,12.2,19.0,11.79,0
Pécharic-et-le-Py,5.03,28293,16880,120.0,0.0,0.0,61.9,9.5,100,8.53,15,30,0.0,0.0,10.0,0.0,3
Pech-Luna,11.42,66891,17656,95.0,12.5,50.0,46.3,17.9,333,9.891666667,15,30,7.8,7.8,9.4,0.0,3
Pennautier,152.64,2007194,21470,93.7,13.3,24.4,28.3,23.8,99,5.113333333,3,7,8.1,9.2,9.8,6.16,2
Pépieux,110.36,750094,18620,88.8,6.1,43.5,19.9,34.1,120,3.421666667,3,7,1.7,13.4,15.1,0.61,2
Pexiora,94.3,706219,19540,93.5,10.3,36.6,26.5,26.2,59,4.996666667,3,15,5.2,16.6,11.4,12.21,0
Peyrefitte-du-Razès,7.89,43218,17302,80.0,0.0,100.0,10.5,26.3,43,12.85166667,3,15,0.0,0.0,38.1,0.0,1
Peyrefitte-sur-l'Hers,12.06,45524,17656,100.0,16.7,0.0,28.1,28.1,106,7.305,15,30,0.0,0.0,7.1,0.0,3
Peyrens,97.69,299220,21380,95.3,10.5,50.0,19.3,23.1,64,10.175,7,7,2.7,17.8,9.3,10.88,0
Peyriac-de-Mer,42.46,883656,21520,92.3,6.7,40.5,36.5,20.4,136,6.563333333,3,15,6.4,7.9,16.9,5.3,2
Peyriac-Minervois,115.51,829981,19350,89.4,16.0,49.2,18.7,39.4,100,2.918333333,3,3,3.1,9.3,21.5,2.72,2
Peyrolles,6.0,51241,17892,89.1,18.2,0.0,31.5,21.9,150,6.205,3,15,0.0,25.0,20.0,0.0,2
Pezens,142.57,1038193,20490,92.8,9.8,20.4,21.7,28.8,71,3.73,3,15,3.3,17.0,15.3,5.33,2
Pieusse,74.92,753420,20900,93.7,8.0,28.3,20.5,27.9,144,6.358333333,3,7,4.2,9.4,11.4,0.0,2
Plaigne,8.87,93997,19820,87.7,0.0,0.0,39.8,24.5,195,7.401666667,15,15,4.9,9.8,7.1,0.0,3
Plavilla,9.68,74917,18584,100.0,14.3,0.0,42.3,14.4,321,16.035,7,15,0.0,20.0,0.0,0.0,2
La Pomarède,13.53,127390,21050,98.8,0.0,20.0,36.8,18.1,136,10.66166667,3,15,0.0,3.4,11.9,0.0,2
Pomas,90.64,549112,20810,92.6,6.7,22.7,26.6,28.3,95,4.77,3,15,5.4,15.0,10.9,3.84,2
Pomy,9.33,29525,17268,110.0,25.0,0.0,39.0,26.8,100,10.76,7,30,0.0,36.4,12.5,0.0,4
Portel-des-Corbières,37.66,1115145,20360,95.4,14.6,54.7,27.2,22.5,76,6.723333333,3,15,6.6,10.5,10.7,3.18,2
Pouzols-Minervois,56.75,385549,19940,93.9,3.6,27.7,25.7,26.4,136,6.328333333,3,15,8.6,10.0,20.1,0.0,2
Pradelles-Cabardès,7.18,324458,18060,91.1,5.6,100.0,30.6,20.9,324,17.43,3,30,15.0,3.3,13.8,0.0,1
Preixan,73.01,378622,20790,90.3,5.2,25.0,27.2,25.3,96,5.716666667,3,15,6.1,13.2,12.9,1.75,2
Puginier,22.86,105335,22030,96.9,7.7,50.0,25.4,25.4,106,10.89166667,7,15,0.0,29.0,13.5,0.0,2
Puichéric,89.78,829581,17570,86.7,11.6,44.4,20.7,34.7,105,5.493333333,3,15,3.4,20.1,20.1,8.24,0
Puilaurens,7.88,204967,18000,94.1,7.3,52.4,19.7,33.3,215,5.613333333,3,30,9.4,18.3,19.5,2.84,1
Puivert,10.56,451199,18580,94.9,10.9,42.3,24.3,35.8,275,8.785,3,15,6.5,5.0,17.8,0.0,2
Quillan,90.7,3441984,18280,79.9,9.5,42.0,19.1,34.4,243,7.475,3,3,2.6,8.4,18.9,14.92,0
Quintillan,2.92,63718,17251,71.4,14.3,0.0,19.5,43.9,283,14.31833333,3,45,7.7,27.7,30.4,0.0,4
Quirbajou,3.66,51177,17217,96.0,40.0,55.6,63.9,16.7,60,9.981666667,3,30,0.0,0.0,23.8,0.0,1
Raissac-d'Aude,43.51,222869,19050,94.5,13.0,25.0,28.9,26.5,171,2.496666667,7,15,2.3,4.5,25.8,0.0,2
Raissac-sur-Lampy,88.34,326015,21480,95.3,2.9,0.0,33.9,22.4,48,4.781666667,3,15,9.0,13.4,13.0,3.39,2
Rennes-le-Château,6.2,68757,17875,102.5,12.5,0.0,33.8,16.2,113,5.195,7,7,0.0,0.0,16.7,0.0,2
Rennes-les-Bains,10.5,335410,13290,78.6,8.3,63.9,25.6,29.4,418,8.123333333,3,15,0.0,2.2,34.1,0.0,1
Ribaute,28.37,207376,18270,96.7,8.3,33.3,22.5,40.3,253,4.32,3,30,3.9,3.9,12.2,2.46,4
Ribouisse,10.68,67969,18162,86.0,10.0,0.0,22.0,35.4,120,13.36833333,3,15,5.9,29.4,12.5,0.0,2
Ricaud,52.36,208902,23150,96.1,10.4,22.2,25.3,19.5,111,4.783333333,7,15,5.4,5.8,5.7,0.0,2
Rieux-en-Val,12.32,71505,17892,92.5,25.0,100.0,30.6,29.2,258,1.875,3,30,7.1,14.3,18.8,0.0,1
Rieux-Minervois,91.41,1616555,19370,86.9,11.2,34.6,17.4,42.2,195,3.235,3,3,1.8,11.0,19.0,3.64,2
Rivel,8.72,146800,17300,82.9,8.8,60.0,29.9,28.8,317,3.94,7,7,2.6,8.4,26.5,0.0,2
Rodome,9.09,124555,15600,90.9,0.0,100.0,32.2,23.3,211,8.415,3,30,5.3,5.3,20.5,0.0,1
Roquecourbe-Minervois,36.19,101203,20390,98.5,7.7,0.0,18.6,31.4,93,3.278333333,3,15,0.0,8.3,16.9,0.0,2
Roquefère,9.55,233204,17639,88.9,0.0,31.2,31.9,30.6,483,16.06166667,3,30,6.2,6.2,16.1,6.52,4
Roquefeuil,13.0,228316,18390,92.9,3.6,77.3,26.2,28.2,265,3.358333333,3,30,12.4,6.8,3.6,0.0,1
Roquefort-de-Sault,3.8,246919,15840,85.5,0.0,33.3,15.4,28.2,620,13.17666667,3,30,0.0,6.7,27.3,0.0,4
Roquefort-des-Corbières,22.12,1003536,20680,92.9,11.6,37.9,26.8,24.0,149,5.421666667,3,7,4.1,8.5,16.4,0.0,2
Roquetaillade-et-Conilhac,17.28,450093,21040,92.5,11.9,78.3,31.5,23.9,151,11.24,7,15,2.4,10.2,6.1,0.0,1
Roubia,68.16,301860,20840,91.0,10.6,19.0,23.6,27.1,122,3.891666667,7,15,2.3,7.9,19.5,0.0,2
Rouffiac-d'Aude,86.45,262330,18850,84.4,7.3,24.0,32.5,21.0,107,3.286666667,3,15,2.3,9.8,15.6,20.66,0
Rouffiac-des-Corbières,4.74,108719,17589,70.9,0.0,20.8,25.4,32.4,560,15.87666667,3,30,6.2,17.3,35.5,0.0,4
Roullens,64.39,339816,21970,95.4,15.5,100.0,37.2,18.3,87,5.67,3,15,5.3,8.1,10.2,7.46,1
Routier,21.12,179441,18840,92.2,4.3,0.0,27.6,26.6,146,7.423333333,3,15,7.5,15.0,9.4,0.0,2
Rustiques,78.67,270290,21770,97.6,9.0,58.3,27.7,20.4,101,3.436666667,3,3,6.2,6.2,11.2,0.0,2
Saint-Amans,7.35,41027,17420,94.3,0.0,0.0,20.8,26.4,350,13.49666667,15,30,8.9,8.9,20.0,0.0,3
Saint-André-de-Roquelongue,44.69,957349,20750,91.0,10.8,33.5,24.7,31.3,103,7.383333333,3,15,4.5,13.2,14.1,0.0,2
Saint-Benoît,5.02,90891,18196,86.0,10.0,0.0,36.5,16.5,95,9.248333333,3,15,4.7,18.9,19.2,0.0,2
Sainte-Camelle,12.39,72437,22810,100.0,0.0,20.0,29.4,35.3,80,3.846666667,7,30,0.0,15.2,10.5,0.0,2
Sainte-Colombe-sur-Guette,2.14,134263,17066,83.3,16.7,100.0,12.5,37.5,450,8.926666667,7,30,0.0,9.3,20.0,0.0,1
Sainte-Colombe-sur-l'Hers,41.28,302337,17980,90.9,8.5,26.4,22.0,36.7,203,5.22,3,15,1.4,18.4,20.2,4.33,2
Saint-Couat-d'Aude,70.82,236667,20540,92.6,10.7,24.2,21.8,28.4,159,3.595,3,7,6.0,17.0,17.1,0.0,2
Saint-Couat-du-Razès,6.25,28859,17015,120.0,33.3,0.0,43.3,16.7,33,15.345,3,15,18.5,0.0,28.0,0.0,4
Saint-Denis,60.9,272305,20170,94.3,14.0,30.6,22.8,26.8,138,3.82,3,7,2.3,7.9,20.2,1.61,2
Sainte-Eulalie,79.69,330257,21960,94.2,4.8,0.0,30.0,25.5,94,2.848333333,3,7,11.1,18.4,9.6,0.0,2
Saint-Ferriol,11.17,85966,20290,93.8,15.4,33.3,18.2,30.3,318,7.413333333,7,15,0.0,9.8,31.5,0.0,2
Saint-Frichoux,37.28,148958,18450,91.4,14.3,50.0,20.3,34.6,100,5.646666667,7,7,2.5,12.5,11.4,0.0,2
Saint-Gaudéric,10.42,64722,18280,97.8,0.0,0.0,43.2,15.9,104,11.01833333,7,15,4.7,25.2,9.3,0.0,2
Saint-Hilaire,30.97,569671,20930,90.6,13.6,26.3,26.1,26.8,141,5.62,3,15,4.1,8.1,13.6,4.26,2
Saint-Jean-de-Barrou,34.56,205414,20050,95.6,0.0,9.1,25.5,32.5,334,7.086666667,3,30,10.2,4.1,18.5,0.0,4
Saint-Jean-de-Paracol,18.5,76170,15210,100.0,9.1,0.0,35.4,22.9,67,9.603333333,3,15,0.0,9.9,17.5,0.0,4
Saint-Julia-de-Bec,7.49,70708,17750,103.6,0.0,0.0,42.1,21.1,511,10.43666667,15,15,5.9,11.8,25.0,0.0,3
Saint-Julien-de-Briola,7.52,65006,17791,102.5,12.5,31.2,57.4,14.7,164,10.99,15,15,25.0,17.2,8.8,0.0,3
Saint-Just-et-le-Bézu,3.77,38029,17251,77.1,14.3,0.0,41.3,15.2,220,10.96833333,15,15,22.2,0.0,19.4,0.0,3
Saint-Laurent-de-la-Cabrerisse,29.36,736136,18930,91.3,4.0,33.8,28.3,23.8,142,7.345,3,30,3.1,7.4,15.6,0.0,4
Saint-Louis-et-Parahou,3.27,47835,17251,86.7,0.0,100.0,26.7,17.8,175,8.613333333,15,30,11.4,11.4,26.9,0.0,3
Saint-Marcel-sur-Aude,242.29,1479376,20670,90.8,10.1,40.5,25.8,25.5,84,2.621666667,3,3,5.8,16.9,13.9,4.3,2
Saint-Martin-des-Puits,4.03,42925,16863,113.3,0.0,0.0,34.6,23.1,650,10.96666667,7,30,0.0,0.0,12.5,0.0,4
Saint-Martin-de-Villereglan,39.45,290397,23370,98.6,9.9,0.0,26.4,23.6,87,5.683333333,3,15,7.0,1.7,12.9,0.0,2
Saint-Martin-Lalande,88.3,1033714,22630,96.4,7.5,22.6,28.6,21.7,89,4.106666667,7,15,4.4,12.2,8.8,0.0,2
Saint-Martin-le-Vieil,16.0,194658,23450,93.6,0.0,75.0,37.1,21.9,222,7.791666667,3,15,8.3,2.8,12.1,0.0,1
Saint-Martin-Lys,2.4,64992,16762,86.7,0.0,0.0,13.6,40.9,0,3.828333333,3,15,0.0,0.0,38.5,0.0,4
Saint-Michel-de-Lanès,36.91,252585,23300,94.3,11.9,50.0,41.7,17.4,67,4.83,7,15,14.8,12.3,9.3,0.0,2
Saint-Nazaire-d'Aude,240.56,1458826,21230,92.7,6.6,33.6,25.3,23.6,77,3.383333333,3,7,5.2,12.1,14.9,1.18,2
Saint-Papoul,32.7,684644,20430,95.9,7.8,34.0,28.1,23.5,97,5.551666667,3,15,2.0,19.7,11.4,4.8,2
Saint-Paulet,27.49,145834,19550,98.8,11.8,25.0,37.7,18.8,70,9.068333333,3,15,9.0,18.0,7.1,0.0,2
Saint-Pierre-des-Champs,11.45,179651,18980,84.4,11.1,60.0,35.6,23.5,169,5.388333333,3,30,9.6,6.4,15.2,0.0,1
Saint-Polycarpe,10.21,112038,17410,98.6,7.1,26.3,25.6,38.8,209,8.23,3,15,0.0,11.7,16.9,0.0,2
Saint-Sernin,6.28,25790,17099,106.7,33.3,0.0,30.3,27.3,162,8.321666667,15,15,0.0,20.0,6.2,0.0,3
Sainte-Valière,83.88,349426,20610,92.5,4.1,0.0,22.5,24.9,118,3.486666667,3,15,10.2,11.3,14.3,5.24,2
Saissac,16.11,622804,18450,93.1,12.3,35.7,25.3,30.1,151,7.615,3,15,5.2,13.7,15.7,17.36,0
Sallèles-Cabardès,17.74,86658,19980,87.3,0.0,100.0,27.8,22.7,182,5.136666667,3,30,4.7,18.9,12.2,0.0,1
Sallèles-d'Aude,242.15,2680009,21290,92.1,11.4,32.2,24.6,26.1,88,3.1,3,7,4.7,17.5,16.5,6.18,2
Salles-d'Aude,179.12,2161333,21960,93.2,5.7,36.8,26.7,21.1,135,3.945,3,7,6.1,9.4,13.7,3.76,2
Salles-sur-l'Hers,37.03,628248,21370,93.1,6.2,46.3,23.4,28.8,92,12.445,3,30,4.4,9.1,14.2,6.1,4
Salsigne,32.93,207254,17710,84.6,5.3,56.5,14.5,38.4,128,8.86,3,15,3.0,15.1,13.8,18.68,0
Salvezines,3.43,116771,17538,87.5,25.0,0.0,14.3,35.7,192,9.535,7,30,0.0,9.1,30.4,0.0,4
Salza,2.4,26411,16762,70.0,0.0,0.0,47.4,10.5,650,30.38833333,7,45,0.0,12.5,41.7,0.0,4
Seignalens,4.7,30619,16846,80.0,0.0,0.0,34.6,26.9,350,13.32,7,15,0.0,0.0,21.1,0.0,4
La Serpent,9.91,64588,18010,97.8,0.0,100.0,41.6,18.2,213,8.71,7,15,0.0,12.5,18.4,0.0,1
Serres,19.95,49781,17740,93.3,11.1,66.7,32.3,18.5,129,3.951666667,3,7,0.0,0.0,15.4,0.0,2
Serviès-en-Val,30.46,180118,20830,88.0,4.5,42.3,18.2,33.5,357,7.038333333,3,30,7.7,17.9,7.0,0.0,2
Sigean,156.78,4737140,20340,88.5,8.4,33.9,20.3,32.0,131,6.726666667,3,3,4.4,12.9,19.2,5.55,2
Sonnac-sur-l'Hers,9.68,87943,20630,90.0,7.1,100.0,16.1,32.1,232,4.295,7,7,0.0,4.1,5.3,0.0,1
Sougraigne,6.73,83597,18533,93.8,7.7,0.0,47.5,19.2,111,5.015,7,15,19.7,0.0,28.6,6.06,2
Souilhanels,131.99,217938,24860,99.2,9.5,14.3,29.1,31.7,84,9.226666667,7,7,6.9,16.4,10.3,0.0,2
Souilhe,79.29,189685,22540,103.9,4.1,54.5,21.8,21.4,63,8.135,3,15,10.8,19.6,6.7,0.0,2
Soulatgé,5.3,119847,11780,84.3,21.4,100.0,37.4,22.2,92,14.52,3,30,4.1,12.4,11.5,0.0,1
Soupex,31.75,139695,22900,97.6,4.6,0.0,27.1,31.9,146,6.583333333,3,15,8.4,15.4,5.7,0.0,2
Talairan,12.87,294943,18230,89.7,10.6,22.9,24.8,35.8,273,6.65,3,30,4.0,2.3,11.9,4.19,4
Taurize,13.19,66880,18179,90.0,0.0,0.0,36.8,20.0,188,2.723333333,3,30,4.8,4.8,22.6,0.0,4
Termes,2.52,57590,17167,96.7,0.0,100.0,47.7,18.2,800,21.14333333,3,45,25.0,0.0,16.0,0.0,1
Terroles,2.26,12314,16610,180.0,0.0,100.0,28.6,42.9,600,12.58666667,15,15,0.0,0.0,16.7,0.0,3
Thézan-des-Corbières,21.0,381002,18940,92.3,3.8,33.3,21.8,37.6,170,7.356666667,3,15,2.1,15.0,21.2,0.0,2
La Tourette-Cabardès,4.77,16440,16779,86.7,0.0,0.0,36.4,18.2,500,9.44,7,15,0.0,0.0,33.3,14.29,0
Tournissan,23.24,179636,18780,95.7,0.0,23.8,21.4,29.5,180,4.18,3,30,4.4,12.1,22.0,2.94,4
Tourouzelle,34.46,405962,19510,89.1,8.3,68.6,20.0,29.1,171,3.626666667,3,7,1.1,15.7,18.1,0.0,2
Tourreilles,20.67,92212,20660,96.7,8.3,0.0,27.6,29.5,170,14.535,7,15,0.0,22.9,14.5,0.0,2
Trassanel,6.45,19284,16813,86.7,0.0,0.0,13.0,17.4,140,7.093333333,7,30,0.0,0.0,27.3,0.0,4
Trausse,55.89,417436,19010,87.7,9.3,42.6,19.4,30.9,140,3.261666667,3,7,3.8,10.6,20.2,4.38,2
Trèbes,332.4,5951078,18930,83.4,12.7,43.7,18.8,34.2,127,7.186666667,3,3,4.2,8.3,19.2,16.89,0
Treilles,20.53,679594,20000,95.9,8.3,23.8,27.4,22.3,115,3.765,3,30,4.5,11.7,18.6,19.05,0
Tréville,19.89,65681,22290,97.8,11.1,0.0,20.5,25.3,95,12.90833333,3,15,5.0,10.0,16.4,0.0,2
Tréziers,16.38,62510,18095,94.5,18.2,0.0,31.8,23.9,233,11.90666667,7,15,11.1,5.6,20.9,0.0,4
Tuchan,13.27,792524,18610,85.7,10.9,43.5,18.3,33.5,235,3.866666667,3,30,3.6,8.4,22.0,7.8,4
Valmigère,4.04,14085,16779,86.7,0.0,0.0,21.7,43.5,900,15.30833333,7,30,0.0,19.2,25.0,0.0,4
Ventenac-Cabardès,92.18,585500,22000,95.6,11.0,25.0,32.7,21.6,88,3.86,3,15,8.1,7.5,10.3,11.65,0
Ventenac-en-Minervois,92.74,466025,21420,95.4,1.9,25.7,28.1,22.7,170,2.54,3,15,5.2,8.3,9.3,2.21,2
Véraza,2.18,32253,16931,120.0,0.0,0.0,22.6,19.4,0,9.213333333,15,15,0.0,0.0,14.3,0.0,3
Verdun-en-Lauragais,14.15,245793,22080,98.4,17.3,24.4,36.4,24.5,82,6.173333333,3,30,10.6,10.6,14.3,0.0,2
Verzeille,93.86,273924,21460,96.9,7.6,30.0,31.9,20.0,91,3.73,3,15,7.4,9.6,12.6,0.0,2
Vignevieille,6.28,86454,18179,88.0,0.0,25.0,24.4,23.3,158,18.39833333,3,45,5.0,20.0,9.8,0.0,4
Villalier,125.97,541355,20300,93.7,5.0,38.8,17.0,32.2,123,2.795,3,15,4.8,15.7,12.6,0.75,2
Villanière,19.46,173713,19600,94.3,14.3,32.1,20.4,23.3,127,9.153333333,3,15,4.5,12.5,19.6,0.0,2
Villardebelle,4.26,58948,17319,108.0,20.0,0.0,18.8,25.0,225,17.53,3,30,0.0,0.0,16.0,0.0,4
Villardonnel,30.07,252687,19640,94.9,9.3,39.2,32.5,22.3,152,6.701666667,7,7,6.0,3.6,13.9,0.0,2
Villar-en-Val,2.1,31248,16796,65.0,0.0,100.0,38.1,33.3,333,6.255,7,30,0.0,14.7,0.0,0.0,1
Villar-Saint-Anselme,21.26,72919,22270,92.7,9.1,23.8,21.3,30.9,93,6.371666667,3,15,4.4,8.8,12.3,0.0,2
Villarzel-Cabardès,40.28,161632,21190,83.5,4.6,0.0,29.4,28.9,67,2.346666667,3,15,8.8,6.7,11.6,0.0,2
Villarzel-du-Razès,7.78,77578,17993,88.0,0.0,0.0,42.2,21.7,193,9.886666667,3,15,11.1,0.0,11.6,0.0,2
Villasavary,36.64,836790,20630,91.3,5.8,50.0,29.7,25.9,80,7.116666667,3,15,7.1,13.1,11.1,7.38,2
Villautou,10.72,39427,17454,92.0,40.0,100.0,25.0,11.4,44,10.79333333,15,15,10.9,10.9,16.1,0.0,3
Villebazy,11.41,103102,20490,88.3,0.0,100.0,24.3,20.0,116,4.468333333,3,15,0.0,0.0,15.9,0.0,1
Villedaigne,222.49,319738,17030,93.2,13.0,27.9,17.8,33.9,137,3.408333333,7,15,1.3,15.3,17.7,14.84,0
Villedubert,113.49,294346,22520,99.9,10.0,16.7,28.8,24.3,157,4.825,3,7,10.6,3.5,7.5,1.29,2
Villefloure,9.35,98789,16900,94.3,14.3,0.0,37.7,22.8,50,7.66,15,30,8.6,8.6,12.2,0.0,3
Villefort,6.71,64051,17808,105.7,14.3,0.0,19.7,13.6,70,4.328333333,7,7,0.0,8.3,9.3,0.0,2
Villegailhenc,346.86,1107730,20580,92.6,11.8,29.5,24.7,24.4,93,2.883333333,3,15,4.9,11.3,11.8,5.83,2
Villegly,121.67,703015,20790,90.4,3.0,50.3,20.8,22.5,93,4.115,3,15,5.3,7.8,12.5,8.71,0
Villelongue-d'Aude,22.81,200130,18350,96.2,10.4,20.0,29.4,26.1,167,10.41666667,3,15,7.7,5.8,17.9,0.0,2
Villemagne,23.11,176541,19620,95.7,8.7,33.3,23.0,24.5,117,7.95,3,30,4.8,11.9,15.3,0.0,4
Villemoustaussou,376.97,3499754,23260,95.9,11.8,29.7,31.7,22.1,88,3.231666667,3,7,8.5,9.7,11.7,6.45,2
Villeneuve-la-Comptal,91.39,915743,22330,98.9,7.5,22.7,28.6,23.5,79,6.678333333,3,7,11.7,13.1,10.5,4.86,2
Villeneuve-les-Corbières,10.32,181579,15550,88.7,8.7,25.0,13.4,35.6,128,4.586666667,3,30,0.0,16.3,9.0,0.0,4
Villeneuve-lès-Montréal,152.27,181637,22600,100.2,8.7,27.0,28.4,20.5,42,4.575,3,15,11.1,0.0,10.3,0.81,2
Villeneuve-Minervois,40.04,759958,19080,85.9,10.9,53.3,24.0,25.8,154,5.735,3,15,4.7,12.4,12.1,17.29,0
Villepinte,81.82,836281,20070,89.0,5.1,26.9,21.1,26.0,82,4.47,3,15,3.3,13.1,19.4,5.02,2
Villerouge-Termenès,8.09,97807,15450,83.7,0.0,33.3,29.1,25.4,205,14.24333333,3,30,3.2,13.5,28.8,8.33,4
Villesèque-des-Corbières,11.68,1179501,16930,89.3,13.9,33.3,16.8,30.5,96,5.148333333,7,30,5.1,6.8,19.5,0.0,4
Villesèquelande,168.04,471039,21960,96.3,7.8,18.5,28.0,20.7,64,3.943333333,3,7,4.4,17.2,9.6,4.18,2
Villesiscle,69.78,219063,21110,95.1,9.9,36.4,28.7,20.8,81,6.978333333,3,3,0.0,16.7,6.6,0.0,2
Villespy,63.95,228511,20450,93.5,10.8,37.5,27.7,20.2,72,5.735,7,15,13.2,8.7,17.4,0.0,2
Villetritouls,6.97,27430,16931,105.0,0.0,0.0,29.4,23.5,0,4.253333333,3,30,0.0,0.0,9.1,0.0,4
Vinassan,297.1,1707181,23020,95.0,9.3,26.9,29.7,22.4,105,4.225,3,7,4.1,8.6,10.4,1.76,2
